<?xml version="1.0" encoding="UTF-8"?>
<mule xmlns:doc="http://www.mulesoft.org/schema/mule/documentation" xmlns="http://www.mulesoft.org/schema/mule/core" xmlns:apikit="http://www.mulesoft.org/schema/mule/mule-apikit" xmlns:http="http://www.mulesoft.org/schema/mule/http" xmlns:xsi="http://www.w3.org/2001/XMLSchema-instance" xsi:schemaLocation="http://www.mulesoft.org/schema/mule/core http://www.mulesoft.org/schema/mule/core/current/mule.xsd http://www.mulesoft.org/schema/mule/http http://www.mulesoft.org/schema/mule/http/current/mule-http.xsd http://www.mulesoft.org/schema/mule/mule-apikit http://www.mulesoft.org/schema/mule/mule-apikit/current/mule-apikit.xsd ">
    <apikit:config name="fin-Netsuite-migration-sapi-config" api="fin-Netsuite-migration-sapi.raml" outboundHeadersMapName="outboundHeaders" httpStatusVarName="httpStatus" />
    <flow name="fin-Netsuite-migration-sapi-main">
        <http:listener config-ref="netsuite-integration-system-adapter-httpListenerConfig" path="/api/*">
            <http:response statusCode="#[vars.httpStatus default 200]">
                <http:headers>#[vars.outboundHeaders default {}]</http:headers>
            </http:response>
            <http:error-response statusCode="#[vars.httpStatus default 500]">
                <http:body>#[payload]</http:body>
                <http:headers>#[vars.outboundHeaders default {}]</http:headers>
            </http:error-response>
        </http:listener>
        <apikit:router config-ref="fin-Netsuite-migration-sapi-config" />

    </flow>
    <flow name="post:\projectSetup:application\json:fin-Netsuite-migration-sapi-config">
        <logger level="INFO" message="post:\projectSetup:application\json:fin-Netsuite-Dontknow-sapi-config" />
		<flow-ref  doc:id="7dceb41b-08af-4f72-874b-e59ff59d73cf" name="netsuite-integration-projectSetup-implementation" doc:name="netsuite-integration-projectSetup-implementation"/>
    </flow>
</mule>
